Workbook
Name _DLX1.USE: #REF!
Name _DLX2.USE: Value!$A$1:$R$9
Name _DLX3.USE: Volume!$A$1:$L$9
Name _DLX4.USE: 'Total Reserves'!$A$1:$P$9
Name _DLX5.USE: #REF!
Name BoxPlot: "BoxPlot"
Name Bubble: "Bubble"
Name Candlestick: "Candlestick"
Name Chart: "Chart"
Name ChartImage: "ChartImage"
Name ColumnRange: "ColumnRange"
Name Dumbbell: "Dumbbell"
Name Heatmap: "Heatmap"
Name Histogram: "Histogram"
Name IQ_CH: 110000
Name IQ_CQ: 5000
Name IQ_CY: 10000
Name IQ_DAILY: 500000
Name IQ_FH: 100000
Name IQ_FQ: 500
Name IQ_FY: 1000
Name IQ_LTM: 2000
Name IQ_MONTH: 15000
Name IQ_NTM: 6000
Name IQ_WEEK: 50000
Name IQ_YTD: 3000
Name Map: "Map"
Name OHLC: "OHLC"
Name PieChart: "PieChart"
Name Scatter: "Scatter"
Name Series: "Series"
Name Stripe: "Stripe"
Name Table: "Table"
Name TreeMap: "TreeMap"
Name Waterfall: "Waterfall"

Sheet Answer
B1: STEP 1
B3: Z-score (95% one-sided) | C3: =NORM.S.INV(0.95)
B4: 3-month volatility | C4: =LOOKUP(2,1/('Gold price'!B:B<>""),'Gold price'!D:D)
B5: 3-month volatility annualized | C5: =C4*SQRT(12)
B6: 12-month volatility | C6: =LOOKUP(2,1/('Gold price'!B:B<>""),'Gold price'!E:E)
B9: STEP 2
B11: Country | C11: Belarus | D11: Czechia | E11: Georgia | F11: Latvia | G11: Lithuania | H11: Moldova | I11: Slovakia | J11: Ukraine | K11: Uzbekistan
B12: Gold reserves (in millions of USD) | C12: =XLOOKUP(C$11&'*',Value!$C$1:$ZZ$1,Value!$C$18:$ZZ$18,"",2) | D12: =XLOOKUP(D$11&'*',Value!$C$1:$ZZ$1,Value!$C$18:$ZZ$18,"",2) | E12: =XLOOKUP(E$11&'*',Value!$C$1:$ZZ$1,Value!$C$18:$ZZ$18,"",2) | F12: =XLOOKUP(F$11&'*',Value!$C$1:$ZZ$1,Value!$C$18:$ZZ$18,"",2) | G12: =XLOOKUP(G$11&'*',Value!$C$1:$ZZ$1,Value!$C$18:$ZZ$18,"",2) | H12: =XLOOKUP(H$11&'*',Value!$C$1:$ZZ$1,Value!$C$18:$ZZ$18,"",2) | I12: =XLOOKUP(I$11&'*',Volume!$C$1:$ZZ$1,Volume!$C$18:$ZZ$18,"",2)*AVERAGE('Gold price'!$B$422:$B$430) | J12: =XLOOKUP(J$11&'*',Value!$C$1:$ZZ$1,Value!$C$18:$ZZ$18,"",2) | K12: =XLOOKUP(K$11&'*',Value!$C$1:$ZZ$1,Value!$C$18:$ZZ$18,"",2)
B13: Gold valuation exposure (95% one-sided shock) | C13: =$C3*$C5*C$12/100 | D13: =$C3*$C5*D$12/100 | E13: =$C3*$C5*E$12/100 | F13: =$C3*$C5*F$12/100 | G13: =$C3*$C5*G$12/100 | H13: =$C3*$C5*H$12/100 | I13: =$C3*$C5*I$12/100 | J13: =$C3*$C5*J$12/100 | K13: =$C3*$C5*K$12/100
B16: STEP 3
B20: Country | C20: Belarus | D20: Georgia | E20: Latvia | F20: Lithuania | G20: Moldova | H20: Uzbekistan
B21: Gold reserves (in millions of USD) | C21: =XLOOKUP(C$20,$C$11:$X$11,$C$12:$X$12,"",0) | D21: =XLOOKUP(D$20,$C$11:$X$11,$C$12:$X$12,"",0) | E21: =XLOOKUP(E$20,$C$11:$X$11,$C$12:$X$12,"",0) | F21: =XLOOKUP(F$20,$C$11:$X$11,$C$12:$X$12,"",0) | G21: =XLOOKUP(G$20,$C$11:$X$11,$C$12:$X$12,"",0) | H21: =XLOOKUP(H$20,$C$11:$X$11,$C$12:$X$12,"",0)
B22: Gold valuation exposure (95% one-sided shock) | C22: =$C3*$C5*C$21/100 | D22: =$C3*$C5*D$21/100 | E22: =$C3*$C5*E$21/100 | F22: =$C3*$C5*F$21/100 | G22: =$C3*$C5*G$21/100 | H22: =$C3*$C5*H$21/100
B23: Total Reserve | C23: =XLOOKUP(C$20&'*','Total Reserves'!$C$1:$ZZ$1,'Total Reserves'!$C$18:$ZZ$18,"",2) | D23: =XLOOKUP(D$20&'*','Total Reserves'!$C$1:$ZZ$1,'Total Reserves'!$C$18:$ZZ$18,"",2) | E23: =XLOOKUP(E$20&'*','Total Reserves'!$C$1:$ZZ$1,'Total Reserves'!$C$18:$ZZ$18,"",2) | F23: =XLOOKUP(F$20&'*','Total Reserves'!$C$1:$ZZ$1,'Total Reserves'!$C$18:$ZZ$18,"",2) | G23: =XLOOKUP(G$20&'*','Total Reserves'!$C$1:$ZZ$1,'Total Reserves'!$C$18:$ZZ$18,"",2) | H23: =XLOOKUP(H$20&'*','Total Reserves'!$C$1:$ZZ$1,'Total Reserves'!$C$18:$ZZ$18,"",2)
B24: RaR(in percent of total reserves) | C24: =IF(C$23="", "", C$22/C$23*100) | D24: =IF(D$23="", "", D$22/D$23*100) | E24: =IF(E$23="", "", E$22/E$23*100) | F24: =IF(F$23="", "", F$22/F$23*100) | G24: =IF(G$23="", "", G$22/G$23*100) | H24: =IF(H$23="", "", H$22/H$23*100)

Sheet Gold price
B1: Gold, Fixing Committee of the London Bullion Market Association, London 3 PM fixed price, US$ per troy ounce | C1: Monthly log return | D1: 3-month volatility | E1: 12-month volatility
A2: 1990M1 | B2: 409.81906
A3: 1990M2 | B3: 417.18106 | C3: =IF(OR(B3="",B2=""),"",LN(B3/B2)*100)
A4: 1990M3 | B4: 392.70334 | C4: =IF(OR(B4="",B3=""),"",LN(B4/B3)*100)
A5: 1990M4 | B5: 374.29211 | C5: =IF(OR(B5="",B4=""),"",LN(B5/B4)*100) | D5: =IF(C5="", "", STDEV.S(C3:C5))
A6: 1990M5 | B6: 369.19763 | C6: =IF(OR(B6="",B5=""),"",LN(B6/B5)*100) | D6: =IF(C6="", "", STDEV.S(C4:C6))
A7: 1990M6 | B7: 352.52762 | C7: =IF(OR(B7="",B6=""),"",LN(B7/B6)*100) | D7: =IF(C7="", "", STDEV.S(C5:C7))
A8: 1990M7 | B8: 362.49857 | C8: =IF(OR(B8="",B7=""),"",LN(B8/B7)*100) | D8: =IF(C8="", "", STDEV.S(C6:C8))
A9: 1990M8 | B9: 394.63181 | C9: =IF(OR(B9="",B8=""),"",LN(B9/B8)*100) | D9: =IF(C9="", "", STDEV.S(C7:C9))
A10: 1990M9 | B10: 389.755 | C10: =IF(OR(B10="",B9=""),"",LN(B10/B9)*100) | D10: =IF(C10="", "", STDEV.S(C8:C10))
A11: 1990M10 | B11: 380.99521 | C11: =IF(OR(B11="",B10=""),"",LN(B11/B10)*100) | D11: =IF(C11="", "", STDEV.S(C9:C11))
A12: 1990M11 | B12: 381.7941 | C12: =IF(OR(B12="",B11=""),"",LN(B12/B11)*100) | D12: =IF(C12="", "", STDEV.S(C10:C12))
A13: 1990M12 | B13: 376.68234 | C13: =IF(OR(B13="",B12=""),"",LN(B13/B12)*100) | D13: =IF(C13="", "", STDEV.S(C11:C13))
A14: 1991M1 | B14: 383.70227 | C14: =IF(OR(B14="",B13=""),"",LN(B14/B13)*100) | D14: =IF(C14="", "", STDEV.S(C12:C14)) | E14: =IF(C14="", "", STDEV.S(C3:C14)*SQRT(12))
A15: 1991M2 | B15: 364.39166 | C15: =IF(OR(B15="",B14=""),"",LN(B15/B14)*100) | D15: =IF(C15="", "", STDEV.S(C13:C15)) | E15: =IF(C15="", "", STDEV.S(C4:C15)*SQRT(12))
A16: 1991M3 | B16: 362.7608 | C16: =IF(OR(B16="",B15=""),"",LN(B16/B15)*100) | D16: =IF(C16="", "", STDEV.S(C14:C16)) | E16: =IF(C16="", "", STDEV.S(C5:C16)*SQRT(12))
A17: 1991M4 | B17: 358.32333 | C17: =IF(OR(B17="",B16=""),"",LN(B17/B16)*100) | D17: =IF(C17="", "", STDEV.S(C15:C17)) | E17: =IF(C17="", "", STDEV.S(C6:C17)*SQRT(12))
A18: 1991M5 | B18: 356.96429 | C18: =IF(OR(B18="",B17=""),"",LN(B18/B17)*100) | D18: =IF(C18="", "", STDEV.S(C16:C18)) | E18: =IF(C18="", "", STDEV.S(C7:C18)*SQRT(12))
A19: 1991M6 | B19: 366.91 | C19: =IF(OR(B19="",B18=""),"",LN(B19/B18)*100) | D19: =IF(C19="", "", STDEV.S(C17:C19)) | E19: =IF(C19="", "", STDEV.S(C8:C19)*SQRT(12))
A20: 1991M7 | B20: 367.79227 | C20: =IF(OR(B20="",B19=""),"",LN(B20/B19)*100) | D20: =IF(C20="", "", STDEV.S(C18:C20)) | E20: =IF(C20="", "", STDEV.S(C9:C20)*SQRT(12))
A21: 1991M8 | B21: 356.66953 | C21: =IF(OR(B21="",B20=""),"",LN(B21/B20)*100) | D21: =IF(C21="", "", STDEV.S(C19:C21)) | E21: =IF(C21="", "", STDEV.S(C10:C21)*SQRT(12))
A22: 1991M9 | B22: 348.74286 | C22: =IF(OR(B22="",B21=""),"",LN(B22/B21)*100) | D22: =IF(C22="", "", STDEV.S(C20:C22)) | E22: =IF(C22="", "", STDEV.S(C11:C22)*SQRT(12))
A23: 1991M10 | B23: 358.81436 | C23: =IF(OR(B23="",B22=""),"",LN(B23/B22)*100) | D23: =IF(C23="", "", STDEV.S(C21:C23)) | E23: =IF(C23="", "", STDEV.S(C12:C23)*SQRT(12))
A24: 1991M11 | B24: 359.59 | C24: =IF(OR(B24="",B23=""),"",LN(B24/B23)*100) | D24: =IF(C24="", "", STDEV.S(C22:C24)) | E24: =IF(C24="", "", STDEV.S(C13:C24)*SQRT(12))
A25: 1991M12 | B25: 361.53201 | C25: =IF(OR(B25="",B24=""),"",LN(B25/B24)*100) | D25: =IF(C25="", "", STDEV.S(C23:C25)) | E25: =IF(C25="", "", STDEV.S(C14:C25)*SQRT(12))
... A430: 2025M9 | B430: 3666.5236 | C430: =IF(OR(B430="",B429=""),"",LN(B430/B429)*100) | D430: =IF(C430="", "", STDEV.S(C428:C430)) | E430: =IF(C430="", "", STDEV.S(C419:C430)*SQRT(12))

Sheet Total Reserves
A1: .DESC | C1: Armenia: Gross International Reserves (EOP, NSA, Mil.US$) | D1: Belarus: International Reserves: Total Reserves (NSA, EOP, Mil.US$) | E1: Georgia: Official Reserve Assets (EOP, Mil.US$) | F1: Kazakhstan: Gross International Reserves (NSA, EOP, Mil.US$) | G1: Kyrgyz Republic: Gross International Reserves (EOP, NSA, Mil.US$) | H1: Moldova: Official Reserve Assets (EOP, NSA, Mil.US$) | I1: Uzbekistan: Official Reserve Assets (EOP, NSA, Mil.US$) | J1: Czechia International Reserves (EOP, NSA, Mil.US$) | K1: Latvia: Official Foreign Reserves (EOP, NSA, Mil.US$) | L1: Serbia: Official Reserve Assets (EOP, NSA, Mil.EUR) | M1: Montenegro: Official Reserve Assets (EOP, NSA, Mil.US$) | N1: Lithuania: Foreign Reserves (EOP, NSA, Mil.US$) | O1: Croatia: Official Reserve Assets DISC(EOP, NSA, Mil.US$) | P1: Poland: Official Reserve Assets (EOP, NSA, Mil.PLN)
A2: .T1 | C2: 2003 <- Jan-2003 | D2: 2002 <- Dec-2002 | E2: 1995 <- Oct-1995 | F2: 1993 <- Dec-1993 | G2: 2002 <- Jan-2002 | H2: 2000 <- Jan-2000 | I2: 2013 <- Jan-2013 | J2: 1993 <- Jan-1993 | K2: 1996 <- Dec-1996 | L2: 2004 <- Jan-2004 | M2: 2010 <- Jan-2010 | N2: 1992 <- Dec-1992 | O2: 1999 <- Dec-1999 | P2: 2003 <- Jan-2003
A3: .TN | C3: 2025 <- Dec-2025 | D3: 2025 <- Dec-2025 | E3: 2025 <- Dec-2025 | F3: 2025 <- Dec-2025 | G3: 2024 <- Nov-2025 | H3: 2025 <- Dec-2025 | I3: 2025 <- Dec-2025 | J3: 2025 <- Dec-2025 | K3: 2025 <- Dec-2025 | L3: 2024 <- Nov-2025 | M3: 2024 <- Nov-2025 | N3: 2025 <- Dec-2025 | O3: 2022 <- Dec-2022 | P3: 2024 <- Nov-2025
A4: .LSOURCE | C4: Central Bank of Armenia | D4: National Bank of the Republic of Belarus | E4: National Bank of Georgia | F4: National Bank of Kazakhstan | G4: National Bank of the Kyrgyz Republic | H4: National Bank of Moldova | I4: Central Bank of Uzbekistan/Haver Analytics | J4: Czech National Bank | K4: Bank of Latvia | L4: National Bank of Serbia | M4: Central Bank of Montenegro | N4: Bank of Lithuania | O4: Discontinued | P4: National Bank of Poland
A5: .AGG | C5: End of Period | D5: End of Period | E5: End of Period | F5: End of Period | G5: End of Period | H5: End of Period | I5: End of Period | J5: End of Period | K5: End of Period | L5: End of Period | M5: End of Period | N5: End of Period | O5: End of Period | P5: End of Period
A6: .DTLM | C6: Jan-12-2026 11:19 | D6: Jan-06-2026 01:32 | E6: Jan-06-2026 07:37 | F6: Jan-14-2026 02:19 | G6: Dec-08-2025 07:29 | H6: Jan-07-2026 08:45 | I6: Jan-07-2026 09:41 | J6: Jan-07-2026 04:18 | K6: Jan-07-2026 04:55 | L6: Dec-30-2025 11:14 | M6: Dec-23-2025 11:52 | N6: Jan-09-2026 12:08 | O6: Feb-20-2023 04:47 | P6: Dec-19-2025 08:02
A7: .DATA_TYPE | C7: US$ | D7: US$ | E7: US$ | F7: US$ | G7: US$ | H7: US$ | I7: US$ | J7: US$ | K7: US$ | L7: ? | M7: US$ | N7: US$ | O7: US$ | P7: LocCur
A8: .GRPDESC | C8: Armenia: International Reserves, Monthly | D8: Belarus: Foreign Reserves, NBB, Monthly | E8: Georgia: International Reserves, NBG, Monthly | F8: Kazakhstan: International Reserves, NBK, Monthly | G8: Kyrgyz Republic: Gross International Reserves, NBKR, Monthly | H8: Moldova: International Reserves, NBM, Monthly | I8: Uzbekistan: Economic Indicators, CBU/H, Monthly | J8: Czech Republic: International Reserves, CNB, Monthly | K8: Latvia: International Reserves, Bank of Latvia, Monthly | L8: Serbia: International Reserves and Foreign Liquidity, NBS, Monthly | M8: Montenegro: Offical Reserves, CBM, Monthly | N8: Lithuania: Foreign Reserves, BoL, Monthly | O8: Central/Eastern Europe: Discontinued Series, Monthly | P8: Poland: Foreign Currency Liquidity, Monthly, National Bank of Poland
A9: .GEO | C9: 911 | D9: 913 | E9: 915 | F9: 916 | G9: 917 | H9: 921 | I9: 927 | J9: 935 | K9: 941 | L9: 942 | M9: 943 | N9: 946 | O9: 960 | P9: 964
A10: 2017 | B10: 43100 | C10: 2314.1 | D10: 7315.3 | E10: 3039.26 | F10: 30997 | G10: 2176.49 | H10: 2803.26 | I10: 28076.87 | J10: 147973.78 | K10: 4629.67 | L10: 9961.9 | M10: 1015.84 | N10: 4461.7 | O10: 18822.26 | P10: 394358
A11: 2018 | B11: 43465 | C11: 2259.3 | D11: 7157.6 | E11: 3288.83 | F11: 30927 | G11: 2155.46 | H11: 2995.18 | I11: 27081.41 | J11: 142512.29 | K11: 4372.76 | L11: 11261.85 | M11: 1202.38 | N11: 5774.6 | O11: 19995.66 | P11: 439752
A12: 2019 | B12: 43830 | C12: 2849.7 | D12: 9393.5 | E12: 3505.85 | F12: 28958 | G12: 2424.11 | H12: 3059.63 | I12: 29172.14 | J12: 149855.13 | K12: 4478.45 | L12: 13378.48 | M12: 1529.22 | N12: 5082.4 | O12: 20775.42 | P12: 487644
A13: 2020 | B13: 44196 | C13: 2615.5 | D13: 7468.5 | E13: 3910.75 | F13: 35638 | G13: 2808.11 | H13: 3783.54 | I13: 34903.99 | J13: 166121.4 | K13: 5273.58 | L13: 13491.66 | M13: 2135.02 | N13: 4832.4 | O13: 23258.55 | P13: 579719
A14: 2021 | B14: 44561 | C14: 3229.9 | D14: 8425 | E14: 4272.55 | F14: 34378 | G14: 2977.56 | H14: 3901.88 | I14: 35139.18 | J14: 173613.03 | K14: 5486.97 | L14: 16454.51 | M14: 1982.13 | N14: 5576.8 | O14: 28311.94 | P14: 674162
A15: 2022 | B15: 44926 | C15: 4111.8 | D15: 7929.5 | E15: 4901.53 | F15: 35076 | G15: 2798.09 | H15: 4474.17 | I15: 35767.5 | J15: 139982.33 | K15: 4476.04 | L15: 19415.65 | M15: 2042.13 | N15: 5385.8 | O15: 29733.46 | P15: 733758
A16: 2023 | B16: 45291 | C16: 3607.6 | D16: 8127.4 | E16: 5009.6 | F16: 35944 | G16: 3236.48 | H16: 5453.14 | I16: 34564.65 | J16: 148378.86 | K16: 4963.52 | L16: 24909.1 | M16: 1574.6 | N16: 6197.5 | P16: 762651
A17: 2024 | B17: 45657 | C17: 3685.3 | D17: 8922.6 | E17: 4448.55 | F17: 45823 | G17: 5088.08 | H17: 5483.57 | I17: 41181.64 | J17: 146285.64 | K17: 5121.67 | L17: 29294.57 | M17: 1742.94 | N17: 7404.1 | P17: 915250
A18: 2025 | B18: 46022 | C18: 5086.3 | D18: 14425.9 | E18: 6158.7 | F18: 65727 | H18: 5999.34 | I18: 66311.75 | J18: 175830.49 | K18: 6076.9 | N18: 7082.7

Sheet Value
A1: .DESC | C1: Armenia: International Reserves: Gold (EOP, NSA, Mil.US$) | D1: Belarus: International Reserves: Gold (NSA, EOP, Mil.US$) | E1: Albania: Reserve Assets: Monetary Gold (EOP, NSA, Mil.US$) | F1: Georgia: Official Reserve Assets: Gold (EOP, Mil.US$) | G1: Kazakhstan: Gold Reserves (NSA, EOP, Mil.US$) | H1: Kyrgyz Rep: Official Reserve Assets: Gold Including Gold Deposits (EOP, Mil.US$) | I1: Bulgaria: Off Res Assets: Gold [incl Gold Dep & Gold Swapped] (NSA,EOP,Mil.US$) | J1: Moldova: International Reserves: Gold (EOP, NSA, Mil.US$) | K1: Russia:Official Res Assets:Gold [Valued at Curr Quots of CBR] (EOP,Mil.US$) | L1: Ukraine: Foreign Reserves: Gold (EOP, Mil.USD) | M1: Uzbekistan: International Reserves: Gold (EOP, NSA, Mil.US$) | N1: Czechia International Reserves: Gold (EOP, NSA, Mil.US$) | O1: Latvia: Official Foreign Reserves: Gold (EOP, NSA, Mil.US$) | P1: Serbia: Official Reserve Assets: Gold [Incl Deposits & Swaps](EOP, NSA, Mil.EUR) | Q1: Lithuania: Foreign Reserves: Gold incl Gold Deps & Swapped (EOP, Mil.US$) | R1: Poland: Official Reserve Assets: Gold [Incl Deposits & Swaps](EOP, NSA, Mil.PLN)
A2: .T1 | C2: 2003 <- Jan-2003 | D2: 2002 <- Dec-2002 | E2: 2003 <- Dec-2003 | F2: 1995 <- Oct-1995 | G2: 1993 <- Dec-1993 | H2: 2009 <- Jan-2009 | I2: 2003 <- Sep-2003 | J2: 2000 <- Jan-2000 | K2: 1992 <- Dec-1992 | L2: 2003 <- Jan-2003 | M2: 2013 <- Jan-2013 | N2: 1993 <- Jan-1993 | O2: 1996 <- Dec-1996 | P2: 2016 <- Jan-2016 | Q2: 2000 <- Apr-2000 | R2: 2003 <- Jan-2003
A3: .TN | C3: 2024 <- Nov-2025 | D3: 2025 <- Dec-2025 | E3: 2024 <- Nov-2025 | F3: 2025 <- Dec-2025 | G3: 2024 <- Nov-2025 | H3: 2024 <- Nov-2025 | I3: 2024 <- Nov-2025 | J3: 2025 <- Dec-2025 | K3: 2024 <- Nov-2025 | L3: 2025 <- Dec-2025 | M3: 2025 <- Dec-2025 | N3: 2025 <- Dec-2025 | O3: 2025 <- Dec-2025 | P3: 2024 <- Nov-2025 | Q3: 2025 <- Dec-2025 | R3: 2024 <- Nov-2025
A4: .LSOURCE | C4: Central Bank of Armenia | D4: National Bank of the Republic of Belarus | E4: Bank of Albania/Haver Analytics | F4: National Bank of Georgia | G4: National Bank of Kazakhstan | H4: National Bank of the Kyrgyz Republic | I4: Bulgarian National Bank | J4: National Bank of Moldova | K4: Central Bank of the Russian Federation | L4: National Bank of Ukraine | M4: Central Bank of Uzbekistan/Haver Analytics | N4: Czech National Bank | O4: Bank of Latvia | P4: National Bank of Serbia | Q4: Bank of Lithuania | R4: National Bank of Poland
A5: .AGG | C5: End of Period | D5: End of Period | E5: End of Period | F5: End of Period | G5: End of Period | H5: End of Period | I5: End of Period | J5: End of Period | K5: End of Period | L5: End of Period | M5: End of Period | N5: End of Period | O5: End of Period | P5: End of Period | Q5: End of Period | R5: End of Period
A6: .DTLM | C6: Dec-05-2025 07:14 | D6: Jan-06-2026 01:32 | E6: Dec-31-2025 05:29 | F6: Jan-06-2026 07:37 | G6: Dec-09-2025 03:47 | H6: Dec-08-2025 06:03 | I6: Dec-15-2025 05:21 | J6: Jan-07-2026 08:45 | K6: Dec-19-2025 08:04 | L6: Jan-07-2026 10:00 | M6: Jan-07-2026 09:41 | N6: Jan-07-2026 04:18 | O6: Jan-07-2026 04:55 | P6: Dec-30-2025 11:14 | Q6: Jan-09-2026 12:08 | R6: Dec-19-2025 08:02
A7: .DATA_TYPE | C7: US$ | D7: US$ | E7: US$ | F7: US$ | G7: US$ | H7: US$ | I7: US$ | J7: US$ | K7: US$ | L7: US$ | M7: US$ | N7: US$ | O7: US$ | P7: ? | Q7: US$ | R7: LocCur
A8: .GRPDESC | C8: Armenia: International Reserves, Monthly | D8: Belarus: Foreign Reserves, NBB, Monthly | E8: Albania: Foreign Reserves, BOA/Haver, Monthly | F8: Georgia: International Reserves, NBG, Monthly | G8: Kazakhstan: International Reserves, NBK, Monthly | H8: Kyrgyz Republic: International Reserves, NBKR, Monthly | I8: Bulgaria: Foreign Reserves, BNB, Monthly | J8: Moldova: International Reserves, NBM, Monthly | K8: Russia: Foreign Reserves, CBRF, Monthly | L8: Ukraine: Foreign Reserves, NBU, Monthly | M8: Uzbekistan: Economic Indicators, CBU/H, Monthly | N8: Czech Republic: International Reserves, CNB, Monthly | O8: Latvia: International Reserves, Bank of Latvia, Monthly | P8: Serbia: International Reserves and Foreign Liquidity, NBS, Monthly | Q8: Lithuania: Foreign Reserves, BoL, Monthly | R8: Poland: Foreign Currency Liquidity, Monthly, National Bank of Poland
A9: .GEO | C9: 911 | D9: 913 | E9: 914 | F9: 915 | G9: 916 | H9: 917 | I9: 918 | J9: 921 | K9: 922 | L9: 926 | M9: 927 | N9: 935 | O9: 941 | P9: 942 | Q9: 946 | R9: 964
A10: 2017 | B10: 43100 | C10: 0 | D10: 1939.9 | E10: 65.8 | F10: 0 | G10: 12498 | H10: 289.61 | I10: 1689.71 | J10: 3.08 | K10: 76647 | L10: 1060.65 | M10: 14034.06 | N10: 393.44 | O10: 277.54 | P10: 675.1 | Q10: 243.4 | R10: 14942
A11: 2018 | B11: 43465 | C11: 0 | D11: 1934.7 | E11: 64.87 | F11: 0 | G11: 14391 | H11: 460.3 | I11: 1668.23 | J11: 3.01 | K11: 86902.8 | L11: 1002.22 | M11: 14640.75 | N11: 361.31 | O11: 274.02 | P11: 736.16 | Q11: 240.3 | R11: 19928
A12: 2019 | B12: 43830 | C12: 0 | D12: 2387.2 | E12: 133.56 | F12: 0 | G12: 18875 | H12: 701.19 | I12: 1984.51 | J12: 3.6 | K12: 110376 | L12: 1218.79 | M12: 16329.21 | N12: 390.82 | O12: 324.46 | P12: 1336.76 | Q12: 284.6 | R12: 42519
A13: 2020 | B13: 44196 | C13: 0 | D13: 3041.5 | E13: 167.09 | F13: 0 | G13: 23582 | H13: 1017.91 | I13: 2472.06 | J13: 4.47 | K13: 138754.4 | L13: 1583.87 | M13: 20216.74 | N13: 572.64 | O13: 403.59 | P13: 1760.15 | Q13: 353.4 | R13: 52253
A14: 2021 | B14: 44561 | C14: 0 | D14: 3123 | E14: 160.66 | F14: 0 | G14: 23546 | H14: 591.79 | I14: 2386.53 | J14: 4.28 | K14: 133069.8 | L14: 1557.76 | M14: 20949.71 | N14: 614.21 | O14: 389.34 | P14: 1931.4 | Q14: 341.4 | R14: 54844
A15: 2022 | B15: 44926 | C15: 0 | D15: 3141.4 | E15: 176.12 | F15: 0 | G15: 20491 | H15: 955.11 | I15: 2386.82 | J15: 4.3 | K15: 136077 | L15: 1565.27 | M15: 23064.77 | N15: 697.96 | O15: 390.48 | P15: 2104.6 | Q15: 342.1 | R15: 58650
A16: 2023 | B16: 45291 | C16: 0 | D16: 3582.2 | E16: 223.92 | F16: 0 | G16: 19510 | H16: 1430.24 | I16: 2711.06 | J16: 4.91 | K16: 155857.7 | L16: 1798.62 | M16: 24632.16 | N16: 2033.88 | O16: 441.37 | P16: 2393.24 | Q16: 387.3 | R16: 93591
A17: 2024 | B17: 45657 | C17: 0 | D17: 4522.9 | E17: 286 | F17: 599 | G17: 23844 | H17: 3198.41 | I17: 3411.66 | J17: 6.26 | K17: 195707.3 | L17: 2310.81 | M17: 32036.68 | N17: 4297.24 | O17: 555.85 | P17: 3883.65 | Q17: 487.1 | R17: 154308
A18: 2025 | B18: 46022 | D18: 7471 | F18: 1002 | J18: 10.71 | L18: 3877.64 | M18: 55092.42 | N18: 10121.89 | O18: 921.28 | Q18: 807.1

Sheet Volume
A1: .DESC | C1: Albania: Gold: Volume In Millions of Fine Troy Ounces (EOP,NSA, Mil.US$) | D1: Kyrgyz Republic: Official Reserve Assets: Gold Volume (EOP, Thous.Troy Ounce) | E1: Russia: Official Reserve Assets: Gold [Volume] (EOP, Mil.Troy Ounce) | F1: Uzbekistan: Intl Reserves: Gold [Volume] (EOP, NSA, Mil.Fine Troy Ounces) | G1: Czechia Intl Reserves: Gold Volume (EOP, NSA, Mil.Troy.Oz) | H1: Slovakia: Official Reserve Assets: Volume of Gold (EOP,NSA,Mil.Fine Troy Ounces) | I1: Latvia: Foreign Reserves: Gold Bullion (EOP, NSA, Mil.Troy.Oz) | J1: Serbia: Official Reserve Assets: Volume of Gold (EOP, NSA, Mil.Fine Troy Ounces) | K1: Poland: Official Reserve Assets: Volume of Gold (EOP, NSA, Mil.Fine Troy Ounces) | L1: Romania: Foreign Reserves: Gold (EOP, Mil.Fine Troy Ounces)
A2: .T1 | C2: 2014 <- Jan-2014 | D2: 2009 <- Jan-2009 | E2: 2004 <- Dec-2004 | F2: 2013 <- Jan-2013 | G2: 2000 <- Mar-2000 | H2: 2009 <- Jan-2009 | I2: 2007 <- Jan-2007 | J2: 2016 <- Jan-2016 | K2: 2003 <- Jan-2003 | L2: 1979 <- Jan-1979
A3: .TN | C3: 2024 <- Nov-2025 | D3: 2024 <- Nov-2025 | E3: 2024 <- Nov-2025 | F3: 2025 <- Dec-2025 | G3: 2025 <- Dec-2025 | H3: 2025 <- Dec-2025 | I3: 2025 <- Dec-2025 | J3: 2024 <- Nov-2025 | K3: 2024 <- Nov-2025 | L3: 2024 <- Nov-2025
A4: .LSOURCE | C4: Bank of Albania/Haver Analytics | D4: National Bank of the Kyrgyz Republic | E4: Central Bank of the Russian Federation | F4: Central Bank of Uzbekistan/Haver Analytics | G4: Czech National Bank | H4: National Bank of Slovakia | I4: Bank of Latvia | J4: National Bank of Serbia | K4: National Bank of Poland | L4: Banca Nationala a Romaniei
A5: .AGG | C5: End of Period | D5: End of Period | E5: End of Period | F5: End of Period | G5: End of Period | H5: End of Period | I5: End of Period | J5: End of Period | K5: End of Period | L5: End of Period
A6: .DTLM | C6: Dec-31-2025 05:29 | D6: Jan-06-2026 17:13 | E6: Dec-19-2025 08:04 | F6: Jan-07-2026 09:41 | G6: Jan-07-2026 04:18 | H6: Jan-05-2026 08:22 | I6: Jan-07-2026 04:54 | J6: Dec-30-2025 11:14 | K6: Dec-19-2025 08:02 | L6: Dec-11-2025 03:15
A7: .DATA_TYPE | C7: US$ | D7: Units | E7: Units | F7: Units | G7: Units | H7: Units | I7: LocCur | J7: Units | K7: Units | L7: Units
A8: .GRPDESC | C8: Albania: Foreign Reserves, BOA/Haver, Monthly | D8: Kyrgyz Republic: International Reserves, NBKR, Monthly | E8: Russia: Foreign Reserves, CBRF, Monthly | F8: Uzbekistan: Economic Indicators, CBU/H, Monthly | G8: Czech Republic: International Reserves, CNB, Monthly | H8: Slovakia: Foreign Reserves, NBS, Monthly | I8: Latvia: International Reserves, Bank of Latvia, Monthly | J8: Serbia: International Reserves and Foreign Liquidity, NBS, Monthly | K8: Poland: Foreign Currency Liquidity, Monthly, National Bank of Poland | L8: Romania: Foreign Reserves, BNR, Monthly
A9: .GEO | C9: 914 | D9: 917 | E9: 922 | F9: 927 | G9: 935 | H9: 936 | I9: 941 | J9: 942 | K9: 964 | L9: 968
A10: 2017 | B10: 43100 | C10: 0.05 | D10: 223.38 | E10: 59.1 | F10: 10.82 | G10: 0.3 | H10: 1.019 | I10: 0.21 | J10: 0.62 | K10: 3.311 | L10: 3.334
A11: 2018 | B11: 43465 | C11: 0.05 | D11: 359.89 | E11: 67.9 | F11: 11.42 | G11: 0.28 | H11: 1.019 | I11: 0.21 | J11: 0.66 | K11: 4.136 | L11: 3.334
A12: 2019 | B12: 43830 | C12: 0.09 | D12: 462.91 | E12: 73 | F12: 10.8 | G12: 0.26 | H12: 1.019 | I12: 0.21 | J12: 0.98 | K12: 7.351 | L12: 3.33
A13: 2020 | B13: 44196 | C13: 0.09 | D13: 539.26 | E13: 73.9 | F13: 10.69 | G13: 0.3 | H13: 1.019 | I13: 0.21 | J13: 1.15 | K13: 7.352 | L13: 3.332
A14: 2021 | B14: 44561 | C14: 0.09 | D14: 327.71 | E14: 74 | F14: 11.64 | G14: 0.34 | H14: 1.019 | I14: 0.21 | J14: 1.2 | K14: 7.422 | L14: 3.332
A15: 2022 | B15: 44926 | C15: 0.1 | D15: 527 | E15: #N/A | F15: 12.73 | G15: 0.38 | H15: 1.019 | I15: 0.21 | J15: 1.24 | K15: 7.352 | L15: 3.332
A16: 2023 | B16: 45291 | C16: 0.11 | D16: 693.49 | E16: 75 | F16: 11.94 | G16: 0.99 | H16: 1.019 | I16: 0.21 | J16: 1.28 | K16: 11.532 | L16: 3.332
A17: 2024 | B17: 45657 | C17: 0.11 | D17: 1225.87 | E17: 75 | F17: 12.3 | G17: 1.65 | H17: 1.019 | I17: 0.21 | J17: 1.55 | K17: 14.411 | L17: 3.332
A18: 2025 | B18: 46022 | F18: 12.55 | G18: 2.3 | H18: 1.019 | I18: 0.21
